-- MySQL dump 10.13  Distrib 5.7.22, for osx10.13 (x86_64)
--
-- Host: localhost    Database: keystone_local
-- ------------------------------------------------------
-- Server version	5.7.22

/*!40101 SET @OLD_CHARACTER_SET_CLIENT=@@CHARACTER_SET_CLIENT */;
/*!40101 SET @OLD_CHARACTER_SET_RESULTS=@@CHARACTER_SET_RESULTS */;
/*!40101 SET @OLD_COLLATION_CONNECTION=@@COLLATION_CONNECTION */;
/*!40101 SET NAMES utf8 */;
/*!40103 SET @OLD_TIME_ZONE=@@TIME_ZONE */;
/*!40103 SET TIME_ZONE='+00:00' */;
/*!40014 SET @OLD_UNIQUE_CHECKS=@@UNIQUE_CHECKS, UNIQUE_CHECKS=0 */;
/*!40014 SET @OLD_FOREIGN_KEY_CHECKS=@@FOREIGN_KEY_CHECKS, FOREIGN_KEY_CHECKS=0 */;
/*!40101 SET @OLD_SQL_MODE=@@SQL_MODE, SQL_MODE='NO_AUTO_VALUE_ON_ZERO' */;
/*!40111 SET @OLD_SQL_NOTES=@@SQL_NOTES, SQL_NOTES=0 */;

--
-- Current Database: `keystone_local`
--

CREATE DATABASE /*!32312 IF NOT EXISTS*/ `keystone_local` /*!40100 DEFAULT CHARACTER SET utf8 */;

USE `keystone_local`;

--
-- Table structure for table `attendant`
--

DROP TABLE IF EXISTS `attendant`;
/*!40101 SET @saved_cs_client     = @@character_set_client */;
/*!40101 SET character_set_client = utf8 */;
CREATE TABLE `attendant` (
  `conference_id` bigint(20) NOT NULL,
  `phone_num` varchar(255) NOT NULL,
  `cost` double NOT NULL,
  `create_time` datetime DEFAULT NULL,
  `end_time` datetime DEFAULT NULL,
  `last_update_time` datetime DEFAULT NULL,
  `start_time` datetime DEFAULT NULL,
  `talktime` int(11) NOT NULL,
  `unit_cost` double NOT NULL,
  PRIMARY KEY (`conference_id`,`phone_num`)
) ENGINE=MyISAM DEFAULT CHARSET=utf8;
/*!40101 SET character_set_client = @saved_cs_client */;

--
-- Dumping data for table `attendant`
--

LOCK TABLES `attendant` WRITE;
/*!40000 ALTER TABLE `attendant` DISABLE KEYS */;
INSERT INTO `attendant` VALUES (1,'5038630001',0,'2018-06-26 16:44:58','2018-06-26 16:45:48','2018-06-26 16:45:48','2018-06-26 16:45:20',28,1.14),(1,'5038630002',0,'2018-06-26 16:44:58','2018-06-26 16:45:38','2018-06-26 16:45:38','2018-06-26 16:45:13',24,1.14),(1,'5038630003',0,'2018-06-26 16:44:58','2018-06-26 16:45:42','2018-06-26 16:45:42','2018-06-26 16:45:23',19,1.14),(2,'5038630001',0.34199999999999997,'2018-06-26 16:48:24','2018-06-26 16:52:41','2018-06-26 16:52:41','2018-06-26 16:52:22',18,1.14),(2,'5038630002',0.36099999999999993,'2018-06-26 16:48:24','2018-06-26 16:52:45','2018-06-26 16:52:45','2018-06-26 16:52:26',19,1.14),(2,'5038630003',0.5509999999999999,'2018-06-26 16:48:24','2018-06-26 16:52:48','2018-06-26 16:52:48','2018-06-26 16:52:19',29,1.14),(3,'5038630001',0,'2018-06-26 17:18:32',NULL,'2018-06-26 17:18:32',NULL,0,0),(3,'5038630002',0,'2018-06-26 17:18:32',NULL,'2018-06-26 17:18:32',NULL,0,0),(3,'5038630003',0,'2018-06-26 17:18:32',NULL,'2018-06-26 17:18:32',NULL,0,0),(3,'5038630004',0,'2018-06-26 17:18:32',NULL,'2018-06-26 17:18:32',NULL,0,0),(4,'5038630001',0,'2018-06-26 17:18:39',NULL,'2018-06-26 17:18:39',NULL,0,0),(4,'5038630002',0,'2018-06-26 17:18:39',NULL,'2018-06-26 17:18:39',NULL,0,0),(4,'5038630003',0,'2018-06-26 17:18:39',NULL,'2018-06-26 17:18:39',NULL,0,0),(4,'5038630004',0,'2018-06-26 17:18:39',NULL,'2018-06-26 17:18:39',NULL,0,0),(5,'5038630001',2.641,'2018-06-26 17:18:42','2018-06-26 17:21:53','2018-06-26 17:21:53','2018-06-26 17:19:33',139,1.14),(5,'5038630002',2.5839999999999996,'2018-06-26 17:18:42','2018-06-26 17:21:53','2018-06-26 17:21:53','2018-06-26 17:19:37',136,1.14),(5,'5038630003',2.508,'2018-06-26 17:18:42','2018-06-26 17:21:55','2018-06-26 17:21:55','2018-06-26 17:19:42',132,1.14),(5,'5038630004',0,'2018-06-26 17:18:42',NULL,'2018-06-26 17:18:42',NULL,0,0),(6,'5038630003',0,'2018-06-26 18:27:59',NULL,'2018-06-26 18:28:35','2018-06-26 18:28:35',0,0),(6,'5038630008',0,'2018-06-26 18:27:59',NULL,'2018-06-26 18:27:59',NULL,0,0),(7,'5038630003',0,'2018-06-26 18:30:15',NULL,'2018-06-26 18:30:15',NULL,0,0),(7,'5038630008',0,'2018-06-26 18:30:15',NULL,'2018-06-26 18:30:29','2018-06-26 18:30:29',0,0),(8,'5038630001',0,'2018-06-26 18:36:19',NULL,'2018-06-26 18:36:19',NULL,0,0),(8,'5038630008',0,'2018-06-26 18:36:19',NULL,'2018-06-26 18:36:58','2018-06-26 18:36:58',0,0),(8,'5038630003',0,'2018-06-26 18:36:19',NULL,'2018-06-26 18:36:57','2018-06-26 18:36:56',0,0),(9,'5038630001',3.1159999999999997,'2018-06-27 16:52:30','2018-06-27 16:55:35','2018-06-27 16:55:35','2018-06-27 16:52:50',164,1.14),(9,'5038630002',2.8689999999999998,'2018-06-27 16:52:30','2018-06-27 16:55:36','2018-06-27 16:55:36','2018-06-27 16:53:04',151,1.14),(9,'5038630003',3.0399999999999996,'2018-06-27 16:52:30','2018-06-27 16:55:32','2018-06-27 16:55:32','2018-06-27 16:52:52',160,1.14),(10,'5038630001',4.483999999999999,'2018-06-27 16:56:44','2018-06-27 17:01:03','2018-06-27 17:01:03','2018-06-27 16:57:06',236,1.14),(10,'5038630002',4.1419999999999995,'2018-06-27 16:56:44','2018-06-27 17:00:43','2018-06-27 17:00:43','2018-06-27 16:57:04',218,1.14),(10,'5038630003',4.0089999999999995,'2018-06-27 16:56:44','2018-06-27 17:00:40','2018-06-27 17:00:40','2018-06-27 16:57:08',211,1.14),(10,'5038630004',3.6099999999999994,'2018-06-27 16:56:44','2018-06-27 17:00:24','2018-06-27 17:00:24','2018-06-27 16:57:14',190,1.14);
/*!40000 ALTER TABLE `attendant` ENABLE KEYS */;
UNLOCK TABLES;

--
-- Table structure for table `billconfig`
--

DROP TABLE IF EXISTS `billconfig`;
/*!40101 SET @saved_cs_client     = @@character_set_client */;
/*!40101 SET character_set_client = utf8 */;
CREATE TABLE `billconfig` (
  `apply_time` datetime NOT NULL,
  `call_price` double NOT NULL,
  `text_price` double NOT NULL,
  `use_yn` int(11) NOT NULL,
  PRIMARY KEY (`apply_time`)
) ENGINE=MyISAM DEFAULT CHARSET=utf8;
/*!40101 SET character_set_client = @saved_cs_client */;

--
-- Dumping data for table `billconfig`
--

LOCK TABLES `billconfig` WRITE;
/*!40000 ALTER TABLE `billconfig` DISABLE KEYS */;
INSERT INTO `billconfig` VALUES ('2018-06-25 23:22:41',10.53,3.23,0),('2018-06-25 23:22:42',5.13,1.21,0),('2018-06-26 08:56:37',1.13,0.3,0),('2018-06-26 09:16:20',1.14,0.31,1);
/*!40000 ALTER TABLE `billconfig` ENABLE KEYS */;
UNLOCK TABLES;

--
-- Table structure for table `call1`
--

DROP TABLE IF EXISTS `call1`;
/*!40101 SET @saved_cs_client     = @@character_set_client */;
/*!40101 SET character_set_client = utf8 */;
CREATE TABLE `call1` (
  `call_id` bigint(20) NOT NULL AUTO_INCREMENT,
  `received_yn` varchar(255) DEFAULT NULL,
  `accepted_time` datetime DEFAULT NULL,
  `cost` double NOT NULL,
  `create_time` datetime DEFAULT NULL,
  `date` varchar(255) DEFAULT NULL,
  `end_time` datetime DEFAULT NULL,
  `end_yn` varchar(255) DEFAULT NULL,
  `from_ip` varchar(255) DEFAULT NULL,
  `from_phone_num` varchar(255) DEFAULT NULL,
  `from_reg_id` varchar(255) DEFAULT NULL,
  `heartbeat` int(11) NOT NULL,
  `last_update_time` datetime DEFAULT NULL,
  `status` varchar(255) DEFAULT NULL,
  `talktime` int(11) NOT NULL,
  `timeout_yn` varchar(255) DEFAULT NULL,
  `to_ip` varchar(255) DEFAULT NULL,
  `to_phone_num` varchar(255) DEFAULT NULL,
  `to_reg_id` varchar(255) DEFAULT NULL,
  `unit_cost` double NOT NULL,
  PRIMARY KEY (`call_id`)
) ENGINE=MyISAM AUTO_INCREMENT=106 DEFAULT CHARSET=utf8;
/*!40101 SET character_set_client = @saved_cs_client */;

--
-- Dumping data for table `call1`
--

LOCK TABLES `call1` WRITE;
/*!40000 ALTER TABLE `call1` DISABLE KEYS */;
INSERT INTO `call1` VALUES (86,'Y','2018-06-27 15:32:20',1.0639999999999998,'2018-06-27 15:32:18','20180627','2018-06-27 15:33:17','Y','10.0.3.102','5038630003','dimMq0fjtEw:APA91bHLUSryzTEP7wiOGwws_Q8qcNOMtnXlTrCjhDHTeTyZbVqzoE5mCOgmzokDqFzjCuQRFOZS0gz57-JClDrc3bVWxwDLgpPtKaL00cFxbjSkKcyL8J1cMk1egBLNITjjEP7iJsmvtYPfNnkHG65U2fuLxcQOdw',0,'2018-06-27 15:33:17',NULL,56,'N','10.0.3.104','5038630004','e2NeORo4JCU:APA91bEzSZ_T-nCzXyFs7Z1ilSkWdtagv_prOJP3zj-p6Xsyl3iH2bmSC1Qrf1gAzAGC-qYRmzl93kQzE8v-n_pvhE6a1PaLOdqgywAzYBuzTE82RmNozjA5LUEVxDher17pn3OTJpu0Y7DbmkIfufPhveqebHNUIw',1.14),(87,'Y','2018-06-27 15:35:56',1.406,'2018-06-27 15:35:54','20180627','2018-06-27 15:37:10','Y','10.0.3.102','5038630003','dimMq0fjtEw:APA91bHLUSryzTEP7wiOGwws_Q8qcNOMtnXlTrCjhDHTeTyZbVqzoE5mCOgmzokDqFzjCuQRFOZS0gz57-JClDrc3bVWxwDLgpPtKaL00cFxbjSkKcyL8J1cMk1egBLNITjjEP7iJsmvtYPfNnkHG65U2fuLxcQOdw',1,'2018-06-27 15:37:10',NULL,74,'N','10.0.3.104','5038630004','e2NeORo4JCU:APA91bEzSZ_T-nCzXyFs7Z1ilSkWdtagv_prOJP3zj-p6Xsyl3iH2bmSC1Qrf1gAzAGC-qYRmzl93kQzE8v-n_pvhE6a1PaLOdqgywAzYBuzTE82RmNozjA5LUEVxDher17pn3OTJpu0Y7DbmkIfufPhveqebHNUIw',1.14),(88,'N',NULL,0,'2018-06-27 15:36:39','20180627',NULL,NULL,'10.0.3.101','5038630002','d8ScE2EGHCk:APA91bGGyKERTmUwe4kXSILAS6zKndLkHE0lsQcddumcAJ2fYZoWhw8qZFtiYfcM7aCWjPbOOjOfyaCQ7TOSmmTfUf833nBPJZVYWC7OqH8bw2bebqG7jXeTase6EeYJlZ0k33kpP9WKbAKaRH-vNWdil-m-6llLMw',0,'2018-06-27 15:36:57',NULL,0,'N','10.0.3.101','5038630002','d8ScE2EGHCk:APA91bGGyKERTmUwe4kXSILAS6zKndLkHE0lsQcddumcAJ2fYZoWhw8qZFtiYfcM7aCWjPbOOjOfyaCQ7TOSmmTfUf833nBPJZVYWC7OqH8bw2bebqG7jXeTase6EeYJlZ0k33kpP9WKbAKaRH-vNWdil-m-6llLMw',0),(89,'Y','2018-06-27 15:37:14',0.34139979993999997,'2018-06-27 15:37:09','20180627','2018-06-27 15:37:32','Y','10.0.3.101','5038630002','d8ScE2EGHCk:APA91bGGyKERTmUwe4kXSILAS6zKndLkHE0lsQcddumcAJ2fYZoWhw8qZFtiYfcM7aCWjPbOOjOfyaCQ7TOSmmTfUf833nBPJZVYWC7OqH8bw2bebqG7jXeTase6EeYJlZ0k33kpP9WKbAKaRH-vNWdil-m-6llLMw',0,'2018-06-27 15:37:32',NULL,18,'N','10.0.3.106','5038630001','f6O1t8_uuc8:APA91bFmGWp36_qf0Vm8b9XCATXGaHQe9Nqh8X3YqOsNu68kjU_wLYU-JF7IlXgutfIACgkNUZsFpT00qls_L5TFHXYulHLtXthMnnOvP-9g_eITpGi_xT0erVkZ765lR46VX9Wp3nIuFNQZq9yKjo5A0Z6e9WWvQQ',1.14),(90,'Y','2018-06-27 15:38:12',0.13299999999999998,'2018-06-27 15:37:59','20180627','2018-06-27 15:38:19','Y','10.0.3.106','5038630001','f6O1t8_uuc8:APA91bFmGWp36_qf0Vm8b9XCATXGaHQe9Nqh8X3YqOsNu68kjU_wLYU-JF7IlXgutfIACgkNUZsFpT00qls_L5TFHXYulHLtXthMnnOvP-9g_eITpGi_xT0erVkZ765lR46VX9Wp3nIuFNQZq9yKjo5A0Z6e9WWvQQ',0,'2018-06-27 15:38:19',NULL,7,'N','10.0.3.101','5038630002','d8ScE2EGHCk:APA91bGGyKERTmUwe4kXSILAS6zKndLkHE0lsQcddumcAJ2fYZoWhw8qZFtiYfcM7aCWjPbOOjOfyaCQ7TOSmmTfUf833nBPJZVYWC7OqH8bw2bebqG7jXeTase6EeYJlZ0k33kpP9WKbAKaRH-vNWdil-m-6llLMw',1.14),(91,'N',NULL,0,'2018-06-27 15:38:32','20180627',NULL,NULL,'10.0.3.106','5038630001','f6O1t8_uuc8:APA91bFmGWp36_qf0Vm8b9XCATXGaHQe9Nqh8X3YqOsNu68kjU_wLYU-JF7IlXgutfIACgkNUZsFpT00qls_L5TFHXYulHLtXthMnnOvP-9g_eITpGi_xT0erVkZ765lR46VX9Wp3nIuFNQZq9yKjo5A0Z6e9WWvQQ',0,'2018-06-27 15:38:39',NULL,0,'N','10.0.3.101','5038630002','d8ScE2EGHCk:APA91bGGyKERTmUwe4kXSILAS6zKndLkHE0lsQcddumcAJ2fYZoWhw8qZFtiYfcM7aCWjPbOOjOfyaCQ7TOSmmTfUf833nBPJZVYWC7OqH8bw2bebqG7jXeTase6EeYJlZ0k33kpP9WKbAKaRH-vNWdil-m-6llLMw',0),(92,NULL,NULL,0,'2018-06-27 15:39:30','20180627',NULL,NULL,'10.0.3.106','5038630001','f6O1t8_uuc8:APA91bFmGWp36_qf0Vm8b9XCATXGaHQe9Nqh8X3YqOsNu68kjU_wLYU-JF7IlXgutfIACgkNUZsFpT00qls_L5TFHXYulHLtXthMnnOvP-9g_eITpGi_xT0erVkZ765lR46VX9Wp3nIuFNQZq9yKjo5A0Z6e9WWvQQ',0,'2018-06-27 15:40:15',NULL,0,'Y','10.0.3.101','5038630002','d8ScE2EGHCk:APA91bGGyKERTmUwe4kXSILAS6zKndLkHE0lsQcddumcAJ2fYZoWhw8qZFtiYfcM7aCWjPbOOjOfyaCQ7TOSmmTfUf833nBPJZVYWC7OqH8bw2bebqG7jXeTase6EeYJlZ0k33kpP9WKbAKaRH-vNWdil-m-6llLMw',0),(93,'Y','2018-06-27 15:41:49',1.976,'2018-06-27 15:41:46','20180627','2018-06-27 15:43:34','Y','10.0.3.106','5038630001','f6O1t8_uuc8:APA91bFmGWp36_qf0Vm8b9XCATXGaHQe9Nqh8X3YqOsNu68kjU_wLYU-JF7IlXgutfIACgkNUZsFpT00qls_L5TFHXYulHLtXthMnnOvP-9g_eITpGi_xT0erVkZ765lR46VX9Wp3nIuFNQZq9yKjo5A0Z6e9WWvQQ',1,'2018-06-27 15:43:34',NULL,104,'N','10.0.3.101','5038630002','d8ScE2EGHCk:APA91bGGyKERTmUwe4kXSILAS6zKndLkHE0lsQcddumcAJ2fYZoWhw8qZFtiYfcM7aCWjPbOOjOfyaCQ7TOSmmTfUf833nBPJZVYWC7OqH8bw2bebqG7jXeTase6EeYJlZ0k33kpP9WKbAKaRH-vNWdil-m-6llLMw',1.14),(94,'N',NULL,0,'2018-06-27 16:13:10','20180627',NULL,NULL,'10.0.3.106','5038630001','f6O1t8_uuc8:APA91bFmGWp36_qf0Vm8b9XCATXGaHQe9Nqh8X3YqOsNu68kjU_wLYU-JF7IlXgutfIACgkNUZsFpT00qls_L5TFHXYulHLtXthMnnOvP-9g_eITpGi_xT0erVkZ765lR46VX9Wp3nIuFNQZq9yKjo5A0Z6e9WWvQQ',0,'2018-06-27 16:13:15',NULL,0,'N','10.0.3.101','5038630002','d8ScE2EGHCk:APA91bGGyKERTmUwe4kXSILAS6zKndLkHE0lsQcddumcAJ2fYZoWhw8qZFtiYfcM7aCWjPbOOjOfyaCQ7TOSmmTfUf833nBPJZVYWC7OqH8bw2bebqG7jXeTase6EeYJlZ0k33kpP9WKbAKaRH-vNWdil-m-6llLMw',0),(95,'N',NULL,0,'2018-06-27 16:13:37','20180627',NULL,NULL,'10.0.3.106','5038630001','f6O1t8_uuc8:APA91bFmGWp36_qf0Vm8b9XCATXGaHQe9Nqh8X3YqOsNu68kjU_wLYU-JF7IlXgutfIACgkNUZsFpT00qls_L5TFHXYulHLtXthMnnOvP-9g_eITpGi_xT0erVkZ765lR46VX9Wp3nIuFNQZq9yKjo5A0Z6e9WWvQQ',0,'2018-06-27 16:13:41',NULL,0,'N','10.0.3.101','5038630002','d8ScE2EGHCk:APA91bGGyKERTmUwe4kXSILAS6zKndLkHE0lsQcddumcAJ2fYZoWhw8qZFtiYfcM7aCWjPbOOjOfyaCQ7TOSmmTfUf833nBPJZVYWC7OqH8bw2bebqG7jXeTase6EeYJlZ0k33kpP9WKbAKaRH-vNWdil-m-6llLMw',0),(96,NULL,NULL,0,'2018-06-27 16:15:21','20180627',NULL,NULL,'10.0.3.102','5038630001','f6O1t8_uuc8:APA91bFmGWp36_qf0Vm8b9XCATXGaHQe9Nqh8X3YqOsNu68kjU_wLYU-JF7IlXgutfIACgkNUZsFpT00qls_L5TFHXYulHLtXthMnnOvP-9g_eITpGi_xT0erVkZ765lR46VX9Wp3nIuFNQZq9yKjo5A0Z6e9WWvQQ',0,'2018-06-27 16:15:21',NULL,0,'N','10.0.3.101','5038630002','d8ScE2EGHCk:APA91bGGyKERTmUwe4kXSILAS6zKndLkHE0lsQcddumcAJ2fYZoWhw8qZFtiYfcM7aCWjPbOOjOfyaCQ7TOSmmTfUf833nBPJZVYWC7OqH8bw2bebqG7jXeTase6EeYJlZ0k33kpP9WKbAKaRH-vNWdil-m-6llLMw',0),(97,'N',NULL,0,'2018-06-27 16:20:19','20180627',NULL,NULL,'10.0.3.102','5038630001','f6O1t8_uuc8:APA91bFmGWp36_qf0Vm8b9XCATXGaHQe9Nqh8X3YqOsNu68kjU_wLYU-JF7IlXgutfIACgkNUZsFpT00qls_L5TFHXYulHLtXthMnnOvP-9g_eITpGi_xT0erVkZ765lR46VX9Wp3nIuFNQZq9yKjo5A0Z6e9WWvQQ',0,'2018-06-27 16:20:31',NULL,0,'N','10.0.3.101','5038630002','d8ScE2EGHCk:APA91bGGyKERTmUwe4kXSILAS6zKndLkHE0lsQcddumcAJ2fYZoWhw8qZFtiYfcM7aCWjPbOOjOfyaCQ7TOSmmTfUf833nBPJZVYWC7OqH8bw2bebqG7jXeTase6EeYJlZ0k33kpP9WKbAKaRH-vNWdil-m-6llLMw',0),(98,'N',NULL,0,'2018-06-27 16:20:34','20180627',NULL,NULL,'10.0.3.102','5038630001','f6O1t8_uuc8:APA91bFmGWp36_qf0Vm8b9XCATXGaHQe9Nqh8X3YqOsNu68kjU_wLYU-JF7IlXgutfIACgkNUZsFpT00qls_L5TFHXYulHLtXthMnnOvP-9g_eITpGi_xT0erVkZ765lR46VX9Wp3nIuFNQZq9yKjo5A0Z6e9WWvQQ',0,'2018-06-27 16:20:40',NULL,0,'N','10.0.3.101','5038630002','d8ScE2EGHCk:APA91bGGyKERTmUwe4kXSILAS6zKndLkHE0lsQcddumcAJ2fYZoWhw8qZFtiYfcM7aCWjPbOOjOfyaCQ7TOSmmTfUf833nBPJZVYWC7OqH8bw2bebqG7jXeTase6EeYJlZ0k33kpP9WKbAKaRH-vNWdil-m-6llLMw',0),(99,'N',NULL,0,'2018-06-27 16:21:08','20180627',NULL,NULL,'10.0.3.102','5038630001','f6O1t8_uuc8:APA91bFmGWp36_qf0Vm8b9XCATXGaHQe9Nqh8X3YqOsNu68kjU_wLYU-JF7IlXgutfIACgkNUZsFpT00qls_L5TFHXYulHLtXthMnnOvP-9g_eITpGi_xT0erVkZ765lR46VX9Wp3nIuFNQZq9yKjo5A0Z6e9WWvQQ',0,'2018-06-27 16:21:27',NULL,0,'N','10.0.3.101','5038630002','d8ScE2EGHCk:APA91bGGyKERTmUwe4kXSILAS6zKndLkHE0lsQcddumcAJ2fYZoWhw8qZFtiYfcM7aCWjPbOOjOfyaCQ7TOSmmTfUf833nBPJZVYWC7OqH8bw2bebqG7jXeTase6EeYJlZ0k33kpP9WKbAKaRH-vNWdil-m-6llLMw',0),(100,'N',NULL,0,'2018-06-27 16:22:40','20180627',NULL,NULL,'10.0.3.100','5038630005','d8ScE2EGHCk:APA91bGGyKERTmUwe4kXSILAS6zKndLkHE0lsQcddumcAJ2fYZoWhw8qZFtiYfcM7aCWjPbOOjOfyaCQ7TOSmmTfUf833nBPJZVYWC7OqH8bw2bebqG7jXeTase6EeYJlZ0k33kpP9WKbAKaRH-vNWdil-m-6llLMw',0,'2018-06-27 16:22:46',NULL,0,'N','10.0.3.102','5038630001','f6O1t8_uuc8:APA91bFmGWp36_qf0Vm8b9XCATXGaHQe9Nqh8X3YqOsNu68kjU_wLYU-JF7IlXgutfIACgkNUZsFpT00qls_L5TFHXYulHLtXthMnnOvP-9g_eITpGi_xT0erVkZ765lR46VX9Wp3nIuFNQZq9yKjo5A0Z6e9WWvQQ',0),(101,NULL,NULL,0,'2018-06-27 16:22:58','20180627',NULL,NULL,'10.0.3.102','5038630001','f6O1t8_uuc8:APA91bFmGWp36_qf0Vm8b9XCATXGaHQe9Nqh8X3YqOsNu68kjU_wLYU-JF7IlXgutfIACgkNUZsFpT00qls_L5TFHXYulHLtXthMnnOvP-9g_eITpGi_xT0erVkZ765lR46VX9Wp3nIuFNQZq9yKjo5A0Z6e9WWvQQ',0,'2018-06-27 16:23:43',NULL,0,'Y','10.0.3.101','5038630002','d8ScE2EGHCk:APA91bGGyKERTmUwe4kXSILAS6zKndLkHE0lsQcddumcAJ2fYZoWhw8qZFtiYfcM7aCWjPbOOjOfyaCQ7TOSmmTfUf833nBPJZVYWC7OqH8bw2bebqG7jXeTase6EeYJlZ0k33kpP9WKbAKaRH-vNWdil-m-6llLMw',0),(102,'N',NULL,0,'2018-06-27 16:33:56','20180627',NULL,NULL,'10.0.3.102','5038630001','f6O1t8_uuc8:APA91bFmGWp36_qf0Vm8b9XCATXGaHQe9Nqh8X3YqOsNu68kjU_wLYU-JF7IlXgutfIACgkNUZsFpT00qls_L5TFHXYulHLtXthMnnOvP-9g_eITpGi_xT0erVkZ765lR46VX9Wp3nIuFNQZq9yKjo5A0Z6e9WWvQQ',0,'2018-06-27 16:34:07',NULL,0,'N','10.0.3.100','5038630002','d8ScE2EGHCk:APA91bGGyKERTmUwe4kXSILAS6zKndLkHE0lsQcddumcAJ2fYZoWhw8qZFtiYfcM7aCWjPbOOjOfyaCQ7TOSmmTfUf833nBPJZVYWC7OqH8bw2bebqG7jXeTase6EeYJlZ0k33kpP9WKbAKaRH-vNWdil-m-6llLMw',0),(103,NULL,NULL,0,'2018-06-27 16:36:53','20180627',NULL,NULL,'10.0.3.102','5038630001','f6O1t8_uuc8:APA91bFmGWp36_qf0Vm8b9XCATXGaHQe9Nqh8X3YqOsNu68kjU_wLYU-JF7IlXgutfIACgkNUZsFpT00qls_L5TFHXYulHLtXthMnnOvP-9g_eITpGi_xT0erVkZ765lR46VX9Wp3nIuFNQZq9yKjo5A0Z6e9WWvQQ',0,'2018-06-27 16:37:38',NULL,0,'Y','10.0.3.100','5038630002','d8ScE2EGHCk:APA91bGGyKERTmUwe4kXSILAS6zKndLkHE0lsQcddumcAJ2fYZoWhw8qZFtiYfcM7aCWjPbOOjOfyaCQ7TOSmmTfUf833nBPJZVYWC7OqH8bw2bebqG7jXeTase6EeYJlZ0k33kpP9WKbAKaRH-vNWdil-m-6llLMw',0),(104,'N',NULL,0,'2018-06-27 16:40:53','20180627',NULL,NULL,'10.0.3.102','5038630001','f6O1t8_uuc8:APA91bFmGWp36_qf0Vm8b9XCATXGaHQe9Nqh8X3YqOsNu68kjU_wLYU-JF7IlXgutfIACgkNUZsFpT00qls_L5TFHXYulHLtXthMnnOvP-9g_eITpGi_xT0erVkZ765lR46VX9Wp3nIuFNQZq9yKjo5A0Z6e9WWvQQ',0,'2018-06-27 16:41:00',NULL,0,'N','10.0.3.100','5038630002','d8ScE2EGHCk:APA91bGGyKERTmUwe4kXSILAS6zKndLkHE0lsQcddumcAJ2fYZoWhw8qZFtiYfcM7aCWjPbOOjOfyaCQ7TOSmmTfUf833nBPJZVYWC7OqH8bw2bebqG7jXeTase6EeYJlZ0k33kpP9WKbAKaRH-vNWdil-m-6llLMw',0),(105,'Y','2018-06-27 16:44:00',0.18999999999999997,'2018-06-27 16:43:49','20180627','2018-06-27 16:44:10','Y','10.0.3.102','5038630001','f6O1t8_uuc8:APA91bFmGWp36_qf0Vm8b9XCATXGaHQe9Nqh8X3YqOsNu68kjU_wLYU-JF7IlXgutfIACgkNUZsFpT00qls_L5TFHXYulHLtXthMnnOvP-9g_eITpGi_xT0erVkZ765lR46VX9Wp3nIuFNQZq9yKjo5A0Z6e9WWvQQ',0,'2018-06-27 16:44:10',NULL,10,'N','10.0.3.100','5038630002','d8ScE2EGHCk:APA91bGGyKERTmUwe4kXSILAS6zKndLkHE0lsQcddumcAJ2fYZoWhw8qZFtiYfcM7aCWjPbOOjOfyaCQ7TOSmmTfUf833nBPJZVYWC7OqH8bw2bebqG7jXeTase6EeYJlZ0k33kpP9WKbAKaRH-vNWdil-m-6llLMw',1.14);
/*!40000 ALTER TABLE `call1` ENABLE KEYS */;
UNLOCK TABLES;

--
-- Table structure for table `conference`
--

DROP TABLE IF EXISTS `conference`;
/*!40101 SET @saved_cs_client     = @@character_set_client */;
/*!40101 SET character_set_client = utf8 */;
CREATE TABLE `conference` (
  `conference_id` bigint(20) NOT NULL AUTO_INCREMENT,
  `ip` varchar(255) DEFAULT NULL,
  `phone_num` varchar(255) DEFAULT NULL,
  `plan_time` datetime DEFAULT NULL,
  PRIMARY KEY (`conference_id`)
) ENGINE=MyISAM AUTO_INCREMENT=11 DEFAULT CHARSET=utf8;
/*!40101 SET character_set_client = @saved_cs_client */;

--
-- Dumping data for table `conference`
--

LOCK TABLES `conference` WRITE;
/*!40000 ALTER TABLE `conference` DISABLE KEYS */;
INSERT INTO `conference` VALUES (1,NULL,NULL,'2018-04-01 09:10:05'),(2,NULL,NULL,'2018-04-01 09:10:05'),(3,NULL,NULL,NULL),(4,NULL,NULL,NULL),(5,NULL,NULL,NULL),(6,NULL,NULL,'2018-06-26 18:27:14'),(7,NULL,NULL,'2018-06-26 18:29:33'),(8,NULL,NULL,'2018-06-26 18:35:35'),(9,NULL,NULL,'2018-06-27 16:51:50'),(10,NULL,NULL,'2018-06-27 16:56:09');
/*!40000 ALTER TABLE `conference` ENABLE KEYS */;
UNLOCK TABLES;

--
-- Table structure for table `message`
--

DROP TABLE IF EXISTS `message`;
/*!40101 SET @saved_cs_client     = @@character_set_client */;
/*!40101 SET character_set_client = utf8 */;
CREATE TABLE `message` (
  `msg_id` bigint(20) NOT NULL AUTO_INCREMENT,
  `received_yn` varchar(255) DEFAULT NULL,
  `cost` double NOT NULL,
  `create_time` datetime DEFAULT NULL,
  `date` varchar(255) DEFAULT NULL,
  `from_phone_num` varchar(255) DEFAULT NULL,
  `from_reg_id` varchar(255) DEFAULT NULL,
  `last_update_time` datetime DEFAULT NULL,
  `msg` varchar(255) DEFAULT NULL,
  `to_phone_num` varchar(255) DEFAULT NULL,
  `to_reg_id` varchar(255) DEFAULT NULL,
  `unit_cost` double NOT NULL,
  PRIMARY KEY (`msg_id`)
) ENGINE=MyISAM AUTO_INCREMENT=12 DEFAULT CHARSET=utf8;
/*!40101 SET character_set_client = @saved_cs_client */;

--
-- Dumping data for table `message`
--

LOCK TABLES `message` WRITE;
/*!40000 ALTER TABLE `message` DISABLE KEYS */;
INSERT INTO `message` VALUES (10,'Y',0.31,'2018-06-27 15:34:54','20180627','5038630001','f6O1t8_uuc8:APA91bFmGWp36_qf0Vm8b9XCATXGaHQe9Nqh8X3YqOsNu68kjU_wLYU-JF7IlXgutfIACgkNUZsFpT00qls_L5TFHXYulHLtXthMnnOvP-9g_eITpGi_xT0erVkZ765lR46VX9Wp3nIuFNQZq9yKjo5A0Z6e9WWvQQ','2018-06-27 15:34:55','hello kaushik','5038630002','d8ScE2EGHCk:APA91bGGyKERTmUwe4kXSILAS6zKndLkHE0lsQcddumcAJ2fYZoWhw8qZFtiYfcM7aCWjPbOOjOfyaCQ7TOSmmTfUf833nBPJZVYWC7OqH8bw2bebqG7jXeTase6EeYJlZ0k33kpP9WKbAKaRH-vNWdil-m-6llLMw',0.31),(11,'Y',0.31,'2018-06-27 15:35:39','20180627','5038630002','d8ScE2EGHCk:APA91bGGyKERTmUwe4kXSILAS6zKndLkHE0lsQcddumcAJ2fYZoWhw8qZFtiYfcM7aCWjPbOOjOfyaCQ7TOSmmTfUf833nBPJZVYWC7OqH8bw2bebqG7jXeTase6EeYJlZ0k33kpP9WKbAKaRH-vNWdil-m-6llLMw','2018-06-27 15:35:40','Hi jaebong','5038630001','f6O1t8_uuc8:APA91bFmGWp36_qf0Vm8b9XCATXGaHQe9Nqh8X3YqOsNu68kjU_wLYU-JF7IlXgutfIACgkNUZsFpT00qls_L5TFHXYulHLtXthMnnOvP-9g_eITpGi_xT0erVkZ765lR46VX9Wp3nIuFNQZq9yKjo5A0Z6e9WWvQQ',0.31);
/*!40000 ALTER TABLE `message` ENABLE KEYS */;
UNLOCK TABLES;

--
-- Table structure for table `user`
--

DROP TABLE IF EXISTS `user`;
/*!40101 SET @saved_cs_client     = @@character_set_client */;
/*!40101 SET character_set_client = utf8 */;
CREATE TABLE `user` (
  `phone_num` varchar(255) NOT NULL,
  `active_status` bit(1) NOT NULL,
  `email` varchar(255) DEFAULT NULL,
  `first_name` varchar(255) DEFAULT NULL,
  `ip` varchar(255) DEFAULT NULL,
  `last_name` varchar(255) DEFAULT NULL,
  `password` varchar(255) DEFAULT NULL,
  `reg_id` varchar(255) DEFAULT NULL,
  PRIMARY KEY (`phone_num`)
) ENGINE=MyISAM DEFAULT CHARSET=utf8;
/*!40101 SET character_set_client = @saved_cs_client */;

--
-- Dumping data for table `user`
--

LOCK TABLES `user` WRITE;
/*!40000 ALTER TABLE `user` DISABLE KEYS */;
INSERT INTO `user` VALUES ('5038630001','','aaaa@gmail.com','jaebong','10.0.3.102','lee','1111','f6O1t8_uuc8:APA91bFmGWp36_qf0Vm8b9XCATXGaHQe9Nqh8X3YqOsNu68kjU_wLYU-JF7IlXgutfIACgkNUZsFpT00qls_L5TFHXYulHLtXthMnnOvP-9g_eITpGi_xT0erVkZ765lR46VX9Wp3nIuFNQZq9yKjo5A0Z6e9WWvQQ'),('5038630002','','bbbb@gmail.com','srinivasa','10.0.3.100','kaushik','1111','d8ScE2EGHCk:APA91bGGyKERTmUwe4kXSILAS6zKndLkHE0lsQcddumcAJ2fYZoWhw8qZFtiYfcM7aCWjPbOOjOfyaCQ7TOSmmTfUf833nBPJZVYWC7OqH8bw2bebqG7jXeTase6EeYJlZ0k33kpP9WKbAKaRH-vNWdil-m-6llLMw'),('5038630003','','jina@gmail.com','test1','10.0.3.104','test1','1111','fAeAEa34CJM:APA91bFg-ywTJ1lUGUL-2bflxdA50oLw9a-ctLKdnd28tZsZqa5liPNgaWGaXzs7-ll3K856Kq5oNwJIEN5RmP0AvYEXT2zPEwPZddYOapZIvgfjI5L1XgBRtOT0DlHVs-OAM6Hk-b7k5O1b__gP6dpeiaNZRZwTrg'),('5038630004','','jina@gmail.com','test1','10.0.3.106','test1','1111','dQ9cLOQpL20:APA91bFAFwNvDKkRM1Hts6t--d-ZG9cVwqw6bpdWwzyPbh6dQ2k-mzcNR4D_BKyRCrvZtTz2HbWjcdmF-c8bYTx8WOedDeIXXIzAzadZHVUfabo_U6N9Pgf2_IRjlibem8WzQ6xx9COCsVbHFHHuOM4nStTU1hRevQ'),('5038630005','','new@gmail.com','new','10.0.3.100','account','1111','d8ScE2EGHCk:APA91bGGyKERTmUwe4kXSILAS6zKndLkHE0lsQcddumcAJ2fYZoWhw8qZFtiYfcM7aCWjPbOOjOfyaCQ7TOSmmTfUf833nBPJZVYWC7OqH8bw2bebqG7jXeTase6EeYJlZ0k33kpP9WKbAKaRH-vNWdil-m-6llLMw');
/*!40000 ALTER TABLE `user` ENABLE KEYS */;
UNLOCK TABLES;
/*!40103 SET TIME_ZONE=@OLD_TIME_ZONE */;

/*!40101 SET SQL_MODE=@OLD_SQL_MODE */;
/*!40014 SET FOREIGN_KEY_CHECKS=@OLD_FOREIGN_KEY_CHECKS */;
/*!40014 SET UNIQUE_CHECKS=@OLD_UNIQUE_CHECKS */;
/*!40101 SET CHARACTER_SET_CLIENT=@OLD_CHARACTER_SET_CLIENT */;
/*!40101 SET CHARACTER_SET_RESULTS=@OLD_CHARACTER_SET_RESULTS */;
/*!40101 SET COLLATION_CONNECTION=@OLD_COLLATION_CONNECTION */;
/*!40111 SET SQL_NOTES=@OLD_SQL_NOTES */;

-- Dump completed on 2018-06-27 21:53:30
